{"cameraMode":{"drawMode":0,"name":"Shaded","section":"Shading Mode"},"sceneLighting":true,"audioPlay":false,"sceneViewState":{"showFog":true,"showMaterialUpdate":false,"showSkybox":true,"showFlares":true,"showImageEffects":true,"showParticleSystems":true},"in2DMode":false,"pivot":{"x":554.6239624023438,"y":117.34988403320313,"z":-20.338863372802736},"rotation":{"x":-0.013809082098305226,"y":0.005096748936921358,"z":-0.00007040063792373985,"w":-0.9998916387557983},"size":231.293701171875,"orthographic":false}