{"cameraMode":{"drawMode":0,"name":"Shaded","section":"Shading Mode"},"sceneLighting":true,"audioPlay":false,"sceneViewState":{"showFog":true,"showMaterialUpdate":false,"showSkybox":true,"showFlares":true,"showImageEffects":true,"showParticleSystems":true},"in2DMode":false,"pivot":{"x":370.99273681640627,"y":174.45652770996095,"z":14.976228713989258},"rotation":{"x":0.17836104333400727,"y":-0.0290208887308836,"z":0.005271158181130886,"w":0.9835277199745178},"size":271.29693603515627,"orthographic":false}