{"cameraMode":{"drawMode":0,"name":"Shaded","section":"Shading Mode"},"sceneLighting":false,"audioPlay":false,"sceneViewState":{"showFog":true,"showMaterialUpdate":false,"showSkybox":false,"showFlares":true,"showImageEffects":true,"showParticleSystems":true},"in2DMode":false,"pivot":{"x":-0.31337863206863406,"y":-0.7138235569000244,"z":-3.2909486293792726},"rotation":{"x":-0.009594548493623734,"y":-0.9830151200294495,"z":0.17522338032722474,"w":-0.05382802337408066},"size":3.122429609298706,"orthographic":false}