{"cameraMode":{"drawMode":0,"name":"Shaded","section":"Shading Mode"},"sceneLighting":true,"audioPlay":false,"sceneViewState":{"showFog":true,"showMaterialUpdate":false,"showSkybox":true,"showFlares":true,"showImageEffects":true,"showParticleSystems":true},"in2DMode":false,"pivot":{"x":350.51324462890627,"y":304.4033203125,"z":-14.662872314453125},"rotation":{"x":-0.0489768385887146,"y":0.012983380816876889,"z":0.0006351374904625118,"w":0.998718798160553},"size":178.4594268798828,"orthographic":false}