{"cameraMode":{"drawMode":0,"name":"Shaded","section":"Shading Mode"},"sceneLighting":true,"audioPlay":false,"sceneViewState":{"showFog":true,"showMaterialUpdate":false,"showSkybox":true,"showFlares":true,"showImageEffects":true,"showParticleSystems":true},"in2DMode":false,"pivot":{"x":-0.450439453125,"y":804.9991455078125,"z":607.8729248046875},"rotation":{"x":0.35150784254074099,"y":-0.06172440946102142,"z":0.023233288899064065,"w":0.9338599443435669},"size":470.9417419433594,"orthographic":false}