{"cameraMode":{"drawMode":0,"name":"Shaded","section":"Shading Mode"},"sceneLighting":true,"audioPlay":false,"sceneViewState":{"showFog":true,"showMaterialUpdate":false,"showSkybox":true,"showFlares":true,"showImageEffects":true,"showParticleSystems":true},"in2DMode":false,"pivot":{"x":237.13668823242188,"y":-15.094993591308594,"z":145.50408935546876},"rotation":{"x":0.3736669421195984,"y":0.01344765443354845,"z":-0.005419592373073101,"w":0.9274546504020691},"size":274.8749694824219,"orthographic":false}