{"cameraMode":{"drawMode":0,"name":"Shaded","section":"Shading Mode"},"sceneLighting":true,"audioPlay":false,"sceneViewState":{"showFog":true,"showMaterialUpdate":false,"showSkybox":true,"showFlares":true,"showImageEffects":true,"showParticleSystems":true},"in2DMode":false,"pivot":{"x":-49.62020492553711,"y":75.82711791992188,"z":-62.52639389038086},"rotation":{"x":0.32686740159988406,"y":-0.008505682460963726,"z":0.0029418114572763445,"w":0.9450293779373169},"size":156.06069946289063,"orthographic":false}