{"cameraMode":{"drawMode":0,"name":"Shaded","section":"Shading Mode"},"sceneLighting":false,"audioPlay":false,"sceneViewState":{"showFog":true,"showMaterialUpdate":false,"showSkybox":false,"showFlares":true,"showImageEffects":true,"showParticleSystems":true},"in2DMode":false,"pivot":{"x":101.90705871582031,"y":-28.562301635742189,"z":3.3863768577575685},"rotation":{"x":-0.036988116800785068,"y":0.013989166356623173,"z":0.0005235738353803754,"w":0.9992243647575378},"size":122.81958770751953,"orthographic":false}