{"cameraMode":{"drawMode":0,"name":"Shaded","section":"Shading Mode"},"sceneLighting":true,"audioPlay":false,"sceneViewState":{"showFog":true,"showMaterialUpdate":false,"showSkybox":true,"showFlares":true,"showImageEffects":true,"showParticleSystems":true},"in2DMode":false,"pivot":{"x":336.3829345703125,"y":197.4682159423828,"z":-26.361873626708986},"rotation":{"x":0.061927348375320438,"y":0.03243110328912735,"z":-0.00201487448066473,"w":0.9975552558898926},"size":238.50894165039063,"orthographic":false}