{"cameraMode":{"drawMode":0,"name":"Shaded","section":"Shading Mode"},"sceneLighting":true,"audioPlay":false,"sceneViewState":{"showFog":true,"showMaterialUpdate":false,"showSkybox":true,"showFlares":true,"showImageEffects":true,"showParticleSystems":true},"in2DMode":false,"pivot":{"x":-0.4002763628959656,"y":2.0259859561920168,"z":-3.861013650894165},"rotation":{"x":-0.00017961768025998026,"y":-0.9993683695793152,"z":-0.005098565481603146,"w":0.03528892621397972},"size":3.234239339828491,"orthographic":false}