{"cameraMode":{"drawMode":0,"name":"Shaded","section":"Shading Mode"},"sceneLighting":false,"audioPlay":false,"sceneViewState":{"showFog":true,"showMaterialUpdate":false,"showSkybox":false,"showFlares":true,"showImageEffects":true,"showParticleSystems":true},"in2DMode":false,"pivot":{"x":-2.5418896675109865,"y":-2.568209171295166,"z":-5.115623474121094},"rotation":{"x":0.054342903196811679,"y":-0.9424924254417419,"z":0.18997135758399964,"w":0.26960211992263796},"size":4.290151119232178,"orthographic":false}