{"cameraMode":{"drawMode":0,"name":"Shaded","section":"Shading Mode"},"sceneLighting":false,"audioPlay":false,"sceneViewState":{"showFog":true,"showMaterialUpdate":false,"showSkybox":false,"showFlares":true,"showImageEffects":true,"showParticleSystems":true},"in2DMode":false,"pivot":{"x":0.23348072171211244,"y":-2.088961601257324,"z":0.5746437311172485},"rotation":{"x":0.27061358094215395,"y":-0.5301095843315125,"z":0.18335466086864472,"w":0.782390832901001},"size":1.8950583934783936,"orthographic":false}