{"cameraMode":{"drawMode":0,"name":"Shaded","section":"Shading Mode"},"sceneLighting":false,"audioPlay":false,"sceneViewState":{"showFog":true,"showMaterialUpdate":false,"showSkybox":false,"showFlares":true,"showImageEffects":true,"showParticleSystems":true},"in2DMode":false,"pivot":{"x":1030.138427734375,"y":-867.7777099609375,"z":2.7687368392944338},"rotation":{"x":0.15998414158821107,"y":-0.23541389405727387,"z":0.0393252819776535,"w":0.9578360915184021},"size":1.5054582357406617,"orthographic":false}