{"cameraMode":{"drawMode":0,"name":"Shaded","section":"Shading Mode"},"sceneLighting":false,"audioPlay":false,"sceneViewState":{"showFog":true,"showMaterialUpdate":false,"showSkybox":false,"showFlares":true,"showImageEffects":true,"showParticleSystems":true},"in2DMode":false,"pivot":{"x":-0.028298377990722657,"y":0.05314803123474121,"z":0.007454991340637207},"rotation":{"x":0.34324854612350466,"y":0.07362622767686844,"z":-0.02699531987309456,"w":0.9359713792800903},"size":1.0543397665023804,"orthographic":false}