{"cameraMode":{"drawMode":0,"name":"Shaded","section":"Shading Mode"},"sceneLighting":true,"audioPlay":false,"sceneViewState":{"showFog":true,"showMaterialUpdate":false,"showSkybox":true,"showFlares":true,"showImageEffects":true,"showParticleSystems":true},"in2DMode":false,"pivot":{"x":61.507225036621097,"y":-125.23005676269531,"z":233.02572631835938},"rotation":{"x":0.43957725167274477,"y":-0.1241534873843193,"z":0.06150547415018082,"w":0.8874588012695313},"size":301.362060546875,"orthographic":false}