{"cameraMode":{"drawMode":0,"name":"Shaded","section":"Shading Mode"},"sceneLighting":false,"audioPlay":false,"sceneViewState":{"showFog":true,"showMaterialUpdate":false,"showSkybox":false,"showFlares":true,"showImageEffects":true,"showParticleSystems":true},"in2DMode":false,"pivot":{"x":-0.1923048198223114,"y":-0.2785659730434418,"z":-0.997246265411377},"rotation":{"x":0.14639443159103394,"y":0.8406076431274414,"z":-0.2795010805130005,"w":0.4402836263179779},"size":1.5107042789459229,"orthographic":false}