{"cameraMode":{"drawMode":0,"name":"Shaded","section":"Shading Mode"},"sceneLighting":true,"audioPlay":false,"sceneViewState":{"showFog":true,"showMaterialUpdate":false,"showSkybox":true,"showFlares":true,"showImageEffects":true,"showParticleSystems":true},"in2DMode":false,"pivot":{"x":0.2547128200531006,"y":1.0697956085205079,"z":4.498336315155029},"rotation":{"x":0.34324854612350466,"y":0.07362622767686844,"z":-0.02699531987309456,"w":0.9359713792800903},"size":7.181833267211914,"orthographic":false}