{"cameraMode":{"drawMode":0,"name":"Shaded","section":"Shading Mode"},"sceneLighting":true,"audioPlay":false,"sceneViewState":{"showFog":true,"showMaterialUpdate":false,"showSkybox":true,"showFlares":true,"showImageEffects":true,"showParticleSystems":true},"in2DMode":false,"pivot":{"x":391.05419921875,"y":388.6425476074219,"z":366.93389892578127},"rotation":{"x":0.38812997937202456,"y":0.04007044807076454,"z":-0.016894301399588586,"w":0.9205785989761353},"size":334.0668029785156,"orthographic":false}