{"cameraMode":{"drawMode":0,"name":"Shaded","section":"Shading Mode"},"sceneLighting":true,"audioPlay":false,"sceneViewState":{"showFog":true,"showMaterialUpdate":false,"showSkybox":true,"showFlares":true,"showImageEffects":true,"showParticleSystems":true},"in2DMode":false,"pivot":{"x":589.1666259765625,"y":279.3436279296875,"z":177.24893188476563},"rotation":{"x":0.025994140654802324,"y":0.01449385192245245,"z":-0.00037829423672519624,"w":0.9995611310005188},"size":380.9006042480469,"orthographic":false}