{"cameraMode":{"drawMode":0,"name":"Shaded","section":"Shading Mode"},"sceneLighting":false,"audioPlay":false,"sceneViewState":{"showFog":true,"showMaterialUpdate":false,"showSkybox":false,"showFlares":true,"showImageEffects":true,"showParticleSystems":true},"in2DMode":false,"pivot":{"x":2.4936375617980959,"y":-2.3856401443481447,"z":0.8726360201835632},"rotation":{"x":0.27119436860084536,"y":0.5157906413078308,"z":-0.17632316052913667,"w":0.7933059334754944},"size":2.45632266998291,"orthographic":false}