{"cameraMode":{"drawMode":0,"name":"Shaded","section":"Shading Mode"},"sceneLighting":false,"audioPlay":false,"sceneViewState":{"showFog":true,"showMaterialUpdate":false,"showSkybox":false,"showFlares":true,"showImageEffects":true,"showParticleSystems":true},"in2DMode":false,"pivot":{"x":-1.7701523303985596,"y":-3.3255157470703127,"z":1.1545774936676026},"rotation":{"x":0.18982858955860139,"y":-0.618029773235321,"z":0.1571495085954666,"w":0.7465378046035767},"size":2.105210542678833,"orthographic":false}