{"cameraMode":{"drawMode":0,"name":"Shaded","section":"Shading Mode"},"sceneLighting":true,"audioPlay":false,"sceneViewState":{"showFog":true,"showMaterialUpdate":false,"showSkybox":true,"showFlares":true,"showImageEffects":true,"showParticleSystems":true},"in2DMode":false,"pivot":{"x":434.6101379394531,"y":-76.14840698242188,"z":-102.572998046875},"rotation":{"x":0.307142972946167,"y":0.04185670241713524,"z":-0.01351780816912651,"w":0.950652539730072},"size":1.5801498889923096,"orthographic":false}