{"cameraMode":{"drawMode":0,"name":"Shaded","section":"Shading Mode"},"sceneLighting":false,"audioPlay":false,"sceneViewState":{"showFog":true,"showMaterialUpdate":false,"showSkybox":false,"showFlares":true,"showImageEffects":true,"showParticleSystems":true},"in2DMode":false,"pivot":{"x":0.15574556589126588,"y":-0.37208887934684756,"z":0.0757865458726883},"rotation":{"x":0.27924248576164248,"y":0.4700646698474884,"z":-0.1596912443637848,"w":0.8219350576400757},"size":1.9759025573730469,"orthographic":false}