{"cameraMode":{"drawMode":0,"name":"Shaded","section":"Shading Mode"},"sceneLighting":false,"audioPlay":false,"sceneViewState":{"showFog":true,"showMaterialUpdate":false,"showSkybox":false,"showFlares":true,"showImageEffects":true,"showParticleSystems":true},"in2DMode":false,"pivot":{"x":-1.486144781112671,"y":-3.2751216888427736,"z":1.2753016948699952},"rotation":{"x":0.23853038251399995,"y":-0.4219857454299927,"z":0.11610551923513413,"w":0.8669266104698181},"size":1.8052105903625489,"orthographic":false}