{"cameraMode":{"drawMode":0,"name":"Shaded","section":"Shading Mode"},"sceneLighting":false,"audioPlay":false,"sceneViewState":{"showFog":true,"showMaterialUpdate":false,"showSkybox":false,"showFlares":true,"showImageEffects":true,"showParticleSystems":true},"in2DMode":false,"pivot":{"x":1033.018310546875,"y":-869.9189453125,"z":2.784146308898926},"rotation":{"x":0.15998414158821107,"y":-0.23541389405727387,"z":0.0393252819776535,"w":0.9578360915184021},"size":1.1778545379638672,"orthographic":false}