{"cameraMode":{"drawMode":0,"name":"Shaded","section":"Shading Mode"},"sceneLighting":true,"audioPlay":false,"sceneViewState":{"showFog":true,"showMaterialUpdate":false,"showSkybox":true,"showFlares":true,"showImageEffects":true,"showParticleSystems":true},"in2DMode":false,"pivot":{"x":310.35943603515627,"y":183.1361846923828,"z":103.40728759765625},"rotation":{"x":0.0044968947768211369,"y":0.03749086335301399,"z":-0.00016871675325091928,"w":0.9992877840995789},"size":297.940185546875,"orthographic":false}