{"cameraMode":{"drawMode":0,"name":"Shaded","section":"Shading Mode"},"sceneLighting":true,"audioPlay":false,"sceneViewState":{"showFog":true,"showMaterialUpdate":false,"showSkybox":true,"showFlares":true,"showImageEffects":true,"showParticleSystems":true},"in2DMode":false,"pivot":{"x":381.29718017578127,"y":22.545085906982423,"z":204.17813110351563},"rotation":{"x":-0.053844645619392398,"y":-0.5046306848526001,"z":0.031455665826797488,"w":-0.8611061573028565},"size":371.5622863769531,"orthographic":false}