{"cameraMode":{"drawMode":0,"name":"Shaded","section":"Shading Mode"},"sceneLighting":false,"audioPlay":false,"sceneViewState":{"showFog":true,"showMaterialUpdate":false,"showSkybox":false,"showFlares":true,"showImageEffects":true,"showParticleSystems":true},"in2DMode":false,"pivot":{"x":260.8800048828125,"y":11.473749160766602,"z":-22.082000732421876},"rotation":{"x":0.2775689959526062,"y":-0.5993421077728272,"z":0.23308224976062776,"w":0.7137343287467957},"size":7.423605442047119,"orthographic":false}