{"cameraMode":{"drawMode":0,"name":"Shaded","section":"Shading Mode"},"sceneLighting":true,"audioPlay":false,"sceneViewState":{"showFog":true,"showMaterialUpdate":false,"showSkybox":true,"showFlares":true,"showImageEffects":true,"showParticleSystems":true},"in2DMode":false,"pivot":{"x":240.73098754882813,"y":126.63323974609375,"z":166.25192260742188},"rotation":{"x":0.019998222589492799,"y":-0.004999919794499874,"z":0.00009855039388639852,"w":0.9997918009757996},"size":234.3235626220703,"orthographic":false}