{"cameraMode":{"drawMode":0,"name":"Shaded","section":"Shading Mode"},"sceneLighting":false,"audioPlay":false,"sceneViewState":{"showFog":true,"showMaterialUpdate":false,"showSkybox":false,"showFlares":true,"showImageEffects":true,"showParticleSystems":true},"in2DMode":false,"pivot":{"x":0.054643481969833377,"y":-0.10852561146020889,"z":0.3191227614879608},"rotation":{"x":0.28740113973617556,"y":0.5425479412078857,"z":-0.2045218050479889,"w":0.7623814344406128},"size":0.7715935111045837,"orthographic":false}