{"cameraMode":{"drawMode":0,"name":"Shaded","section":"Shading Mode"},"sceneLighting":false,"audioPlay":false,"sceneViewState":{"showFog":true,"showMaterialUpdate":false,"showSkybox":false,"showFlares":true,"showImageEffects":true,"showParticleSystems":true},"in2DMode":false,"pivot":{"x":1.010361909866333,"y":3.6967766284942629,"z":-3.4092421531677248},"rotation":{"x":0.5124703049659729,"y":-0.21036681532859803,"z":0.13112804293632508,"w":0.8221476674079895},"size":2.2044053077697756,"orthographic":false}