{"cameraMode":{"drawMode":0,"name":"Shaded","section":"Shading Mode"},"sceneLighting":false,"audioPlay":false,"sceneViewState":{"showFog":true,"showMaterialUpdate":false,"showSkybox":false,"showFlares":true,"showImageEffects":true,"showParticleSystems":true},"in2DMode":false,"pivot":{"x":-0.30715519189834597,"y":0.13037846982479096,"z":0.266879677772522},"rotation":{"x":0.21824140846729279,"y":-0.06435529887676239,"z":0.014424886554479599,"w":0.973663866519928},"size":0.9950582385063171,"orthographic":false}