{"cameraMode":{"drawMode":0,"name":"Shaded","section":"Shading Mode"},"sceneLighting":true,"audioPlay":false,"sceneViewState":{"showFog":true,"showMaterialUpdate":false,"showSkybox":true,"showFlares":true,"showImageEffects":true,"showParticleSystems":true},"in2DMode":false,"pivot":{"x":677.5433959960938,"y":374.2799072265625,"z":0.0},"rotation":{"x":0.04997875541448593,"y":0.0024961065500974657,"z":-0.00012692452582996339,"w":0.9987497329711914},"size":32.01491928100586,"orthographic":false}