{"cameraMode":{"drawMode":0,"name":"Shaded","section":"Shading Mode"},"sceneLighting":true,"audioPlay":false,"sceneViewState":{"showFog":true,"showMaterialUpdate":false,"showSkybox":true,"showFlares":true,"showImageEffects":true,"showParticleSystems":true},"in2DMode":false,"pivot":{"x":355.51837158203127,"y":195.54864501953126,"z":-0.9703546762466431},"rotation":{"x":-0.05935104191303253,"y":-0.02055509015917778,"z":0.0012234895257279277,"w":-0.9980292916297913},"size":267.96826171875,"orthographic":false}