{"cameraMode":{"drawMode":0,"name":"Shaded","section":"Shading Mode"},"sceneLighting":true,"audioPlay":false,"sceneViewState":{"showFog":true,"showMaterialUpdate":false,"showSkybox":true,"showFlares":true,"showImageEffects":true,"showParticleSystems":true},"in2DMode":false,"pivot":{"x":-19.903301239013673,"y":-55.022586822509769,"z":114.53551483154297},"rotation":{"x":0.3736669421195984,"y":0.01344765443354845,"z":-0.005419592373073101,"w":0.9274546504020691},"size":327.68658447265627,"orthographic":false}