{"cameraMode":{"drawMode":0,"name":"Shaded","section":"Shading Mode"},"sceneLighting":true,"audioPlay":false,"sceneViewState":{"showFog":true,"showMaterialUpdate":false,"showSkybox":true,"showFlares":true,"showImageEffects":true,"showParticleSystems":true},"in2DMode":false,"pivot":{"x":10.112101554870606,"y":1.0834660530090333,"z":5.756982326507568},"rotation":{"x":0.04997875541448593,"y":0.0024961065500974657,"z":-0.00012692452582996339,"w":0.9987497329711914},"size":7.49367618560791,"orthographic":false}