{"cameraMode":{"drawMode":0,"name":"Shaded","section":"Shading Mode"},"sceneLighting":false,"audioPlay":false,"sceneViewState":{"showFog":true,"showMaterialUpdate":false,"showSkybox":false,"showFlares":true,"showImageEffects":true,"showParticleSystems":true},"in2DMode":false,"pivot":{"x":36.16602325439453,"y":-6.764230251312256,"z":4.081025123596191},"rotation":{"x":0.5124703049659729,"y":-0.21036681532859803,"z":0.13112804293632508,"w":0.8221476674079895},"size":29.751272201538087,"orthographic":false}