{"cameraMode":{"drawMode":0,"name":"Shaded","section":"Shading Mode"},"sceneLighting":false,"audioPlay":false,"sceneViewState":{"showFog":true,"showMaterialUpdate":false,"showSkybox":false,"showFlares":true,"showImageEffects":true,"showParticleSystems":true},"in2DMode":false,"pivot":{"x":0.01219940185546875,"y":3.1130692958831789,"z":-0.054027557373046878},"rotation":{"x":0.2854277491569519,"y":0.01725005730986595,"z":-0.005138375796377659,"w":0.9582339525222778},"size":3.8302414417266847,"orthographic":false}