{"cameraMode":{"drawMode":0,"name":"Shaded","section":"Shading Mode"},"sceneLighting":true,"audioPlay":false,"sceneViewState":{"showFog":true,"showMaterialUpdate":false,"showSkybox":true,"showFlares":true,"showImageEffects":true,"showParticleSystems":true},"in2DMode":false,"pivot":{"x":494.0245361328125,"y":172.9630889892578,"z":-124.92019653320313},"rotation":{"x":0.04286354407668114,"y":0.03146594017744064,"z":-0.0013505248352885247,"w":0.9985857009887695},"size":367.093505859375,"orthographic":true}