{"cameraMode":{"drawMode":0,"name":"Shaded","section":"Shading Mode"},"sceneLighting":true,"audioPlay":false,"sceneViewState":{"showFog":true,"showMaterialUpdate":false,"showSkybox":true,"showFlares":true,"showImageEffects":true,"showParticleSystems":true},"in2DMode":false,"pivot":{"x":216.36016845703126,"y":107.22329711914063,"z":75.03308868408203},"rotation":{"x":-0.15712310373783112,"y":-0.020148033276200296,"z":0.0032062181271612646,"w":-0.9873701333999634},"size":203.46392822265626,"orthographic":false}