{"cameraMode":{"drawMode":0,"name":"Shaded","section":"Shading Mode"},"sceneLighting":false,"audioPlay":false,"sceneViewState":{"showFog":true,"showMaterialUpdate":false,"showSkybox":false,"showFlares":true,"showImageEffects":true,"showParticleSystems":true},"in2DMode":false,"pivot":{"x":0.546425461769104,"y":-0.6607562303543091,"z":-0.2419595569372177},"rotation":{"x":0.445198655128479,"y":-0.002686283318325877,"z":0.0013355903793126345,"w":0.8954273462295532},"size":2.0087454319000246,"orthographic":false}