{"cameraMode":{"drawMode":0,"name":"Shaded","section":"Shading Mode"},"sceneLighting":false,"audioPlay":false,"sceneViewState":{"showFog":true,"showMaterialUpdate":false,"showSkybox":true,"showFlares":true,"showImageEffects":true,"showParticleSystems":true},"in2DMode":false,"pivot":{"x":1384.74560546875,"y":332.6431579589844,"z":11.092817306518555},"rotation":{"x":-0.051276739686727527,"y":0.020069513469934465,"z":-0.0010306878248229623,"w":-0.9984833598136902},"size":797.4336547851563,"orthographic":false}