{"cameraMode":{"drawMode":0,"name":"Shaded","section":"Shading Mode"},"sceneLighting":false,"audioPlay":false,"sceneViewState":{"showFog":true,"showMaterialUpdate":false,"showSkybox":false,"showFlares":true,"showImageEffects":true,"showParticleSystems":true},"in2DMode":false,"pivot":{"x":0.36796775460243227,"y":0.017208358272910119,"z":0.26690173149108889},"rotation":{"x":-0.23508316278457642,"y":-0.0067092180252075199,"z":0.0016226742882281542,"w":-0.9719523191452026},"size":0.6226415634155273,"orthographic":false}