{"cameraMode":{"drawMode":0,"name":"Shaded","section":"Shading Mode"},"sceneLighting":false,"audioPlay":false,"sceneViewState":{"showFog":true,"showMaterialUpdate":false,"showSkybox":true,"showFlares":true,"showImageEffects":true,"showParticleSystems":true},"in2DMode":false,"pivot":{"x":1470.4906005859375,"y":423.2889404296875,"z":18.953125},"rotation":{"x":-0.02280702255666256,"y":-0.006900862790644169,"z":0.0001573571062181145,"w":-0.9997174739837647},"size":797.4336547851563,"orthographic":false}