{"cameraMode":{"drawMode":0,"name":"Shaded","section":"Shading Mode"},"sceneLighting":false,"audioPlay":false,"sceneViewState":{"showFog":true,"showMaterialUpdate":false,"showSkybox":false,"showFlares":true,"showImageEffects":true,"showParticleSystems":true},"in2DMode":false,"pivot":{"x":0.2735660672187805,"y":-0.16333237290382386,"z":-0.42400503158569338},"rotation":{"x":-0.4352046847343445,"y":-0.1003912165760994,"z":0.04890485107898712,"w":-0.8933811187744141},"size":0.5618082284927368,"orthographic":false}