{"cameraMode":{"drawMode":0,"name":"Shaded","section":"Shading Mode"},"sceneLighting":true,"audioPlay":false,"sceneViewState":{"showFog":true,"showMaterialUpdate":false,"showSkybox":true,"showFlares":true,"showImageEffects":true,"showParticleSystems":true},"in2DMode":false,"pivot":{"x":408.7422180175781,"y":217.41769409179688,"z":713.0603637695313},"rotation":{"x":0.004188939463347197,"y":0.026093821972608568,"z":0.0001093492828658782,"w":-0.9996517300605774},"size":634.6268920898438,"orthographic":false}