{"cameraMode":{"drawMode":0,"name":"Shaded","section":"Shading Mode"},"sceneLighting":true,"audioPlay":false,"sceneViewState":{"showFog":true,"showMaterialUpdate":false,"showSkybox":false,"showFlares":true,"showImageEffects":true,"showParticleSystems":true},"in2DMode":false,"pivot":{"x":-4.076245307922363,"y":8.855792999267579,"z":-1.5081806182861329},"rotation":{"x":-0.7778456211090088,"y":-0.007165381219238043,"z":0.008869871497154236,"w":-0.6283532381057739},"size":12.12435531616211,"orthographic":true}