{"cameraMode":{"drawMode":0,"name":"Shaded","section":"Shading Mode"},"sceneLighting":true,"audioPlay":false,"sceneViewState":{"showFog":true,"showMaterialUpdate":false,"showSkybox":true,"showFlares":true,"showImageEffects":true,"showParticleSystems":true},"in2DMode":false,"pivot":{"x":1.7772001028060914,"y":-7.219531059265137,"z":-5.1808905601501469},"rotation":{"x":-0.7778456211090088,"y":-0.007165381219238043,"z":0.008869871497154236,"w":-0.6283532381057739},"size":5.523818016052246,"orthographic":true}