{"cameraMode":{"drawMode":0,"name":"Shaded","section":"Shading Mode"},"sceneLighting":true,"audioPlay":false,"sceneViewState":{"showFog":true,"showMaterialUpdate":false,"showSkybox":true,"showFlares":true,"showImageEffects":true,"showParticleSystems":true},"in2DMode":false,"pivot":{"x":619.7020263671875,"y":387.7230529785156,"z":-27.706275939941408},"rotation":{"x":-0.029090486466884614,"y":0.022488610818982126,"z":0.000654635950922966,"w":0.9993250966072083},"size":494.7857360839844,"orthographic":true}