{"cameraMode":{"drawMode":0,"name":"Shaded","section":"Shading Mode"},"sceneLighting":true,"audioPlay":false,"sceneViewState":{"showFog":true,"showMaterialUpdate":false,"showSkybox":true,"showFlares":true,"showImageEffects":true,"showParticleSystems":true},"in2DMode":false,"pivot":{"x":424.958740234375,"y":171.25294494628907,"z":-10.396202087402344},"rotation":{"x":-0.029090486466884614,"y":0.022488610818982126,"z":0.000654635950922966,"w":0.9993250966072083},"size":195.2415771484375,"orthographic":true}