{"cameraMode":{"drawMode":0,"name":"Shaded","section":"Shading Mode"},"sceneLighting":true,"audioPlay":false,"sceneViewState":{"showFog":true,"showMaterialUpdate":false,"showSkybox":true,"showFlares":true,"showImageEffects":true,"showParticleSystems":true},"in2DMode":false,"pivot":{"x":560.6624145507813,"y":219.304443359375,"z":-22.39854621887207},"rotation":{"x":-0.029090486466884614,"y":0.022488610818982126,"z":0.000654635950922966,"w":0.9993250966072083},"size":219.4644012451172,"orthographic":true}