{"cameraMode":{"drawMode":0,"name":"Shaded","section":"Shading Mode"},"sceneLighting":true,"audioPlay":false,"sceneViewState":{"showFog":true,"showMaterialUpdate":false,"showSkybox":true,"showFlares":true,"showImageEffects":true,"showParticleSystems":true},"in2DMode":false,"pivot":{"x":305.71527099609377,"y":181.5327911376953,"z":-5.9855499267578129},"rotation":{"x":-0.029090486466884614,"y":0.022488610818982126,"z":0.000654635950922966,"w":0.9993250966072083},"size":162.23989868164063,"orthographic":true}