{"cameraMode":{"drawMode":0,"name":"Shaded","section":"Shading Mode"},"sceneLighting":true,"audioPlay":false,"sceneViewState":{"showFog":true,"showMaterialUpdate":false,"showSkybox":true,"showFlares":true,"showImageEffects":true,"showParticleSystems":true},"in2DMode":false,"pivot":{"x":433.50146484375,"y":209.83901977539063,"z":0.0},"rotation":{"x":0.017685839906334878,"y":0.020092777907848359,"z":0.0003555837320163846,"w":-0.999642014503479},"size":295.1746826171875,"orthographic":true}